,NDVI,DATE,PDSI
0,0.15746587734274686,2000-02-18,
1,0.17161792981516388,2000-03-05,
2,0.2198271509163526,2000-03-21,
3,0.2639828944058442,2000-04-06,
4,0.3537889406414428,2000-04-22,
5,0.4104717119132094,2000-05-08,
6,0.5132469048776213,2000-05-24,
7,0.5659696250877299,2000-06-09,
8,0.5745729869386198,2000-06-25,
9,0.5748921747871963,2000-07-11,
10,0.555744659028096,2000-07-27,
11,0.5264133900644559,2000-08-12,
12,0.5259893732245702,2000-08-28,
13,0.5104843782192542,2000-09-13,
14,0.5094443323614946,2000-09-29,
15,0.44849081861069817,2000-10-15,
16,0.33777774712497,2000-10-31,
17,0.24692542279226887,2000-11-16,
18,0.2265352535114591,2000-12-02,
19,0.21035510431538842,2000-12-18,
20,0.20891608749396756,2001-01-01,-1.4231127048074674
21,0.17557966146587875,2001-01-17,
22,0.13395229213703813,2001-02-02,
23,0.16724801507782344,2001-02-18,
24,0.2003602025464205,2001-03-06,
25,0.24508821463443128,2001-03-22,
26,0.21396555795884165,2001-04-07,
27,0.32685519535437996,2001-04-23,
28,0.45264035850859247,2001-05-09,
29,0.514331529728971,2001-05-25,
30,0.44461000066649475,2001-06-10,-2.7944079566168383
31,0.5985268464415181,2001-06-26,
32,0.5804248310421837,2001-07-12,
33,0.5525472805049493,2001-07-28,
34,0.5311020229810128,2001-08-13,
35,0.5195112222782121,2001-08-29,
36,0.5191149313236271,2001-09-14,
37,0.49785826249140763,2001-09-30,
38,0.44900143496604833,2001-10-16,
39,0.48819929591718536,2001-11-01,-2.3557399595442523
40,0.2509498310528315,2001-11-17,
41,0.13827736367758117,2001-12-03,
42,0.17205671905142722,2001-12-19,
43,0.12610765331013357,2002-01-01,-1.7542759857943298
44,0.09071202814700163,2002-01-17,
45,0.15273537285697023,2002-02-02,
46,0.12236829202554927,2002-02-18,
47,0.09057764855964633,2002-03-06,
48,0.1590717956173509,2002-03-22,
49,0.24496450366468753,2002-04-07,
50,0.3004654057568476,2002-04-23,
51,0.3369402404383599,2002-05-09,
52,0.492908038423739,2002-05-25,
53,0.5471781838033842,2002-06-10,-1.568271859169994
54,0.5709277817157,2002-06-26,
55,0.5764540266144091,2002-07-12,
56,0.5648856706378566,2002-07-28,
57,0.5390977744346599,2002-08-13,
58,0.5430689369631884,2002-08-29,
59,0.5241345363778017,2002-09-14,
60,0.5001236771659101,2002-09-30,
61,0.48896596462345504,2002-10-16,
62,0.35818763773345624,2002-11-01,-2.164132771748886
63,0.36437532052140464,2002-11-17,
64,0.332541795734669,2002-12-03,
65,0.15476213433927238,2002-12-19,
66,0.22982455459315093,2003-01-01,-2.9159803528179253
67,0.18309631665180906,2003-01-17,
68,0.19555877613104747,2003-02-02,
69,0.1356255770796732,2003-02-18,
70,0.2125745527697869,2003-03-06,
71,0.17763505956668627,2003-03-22,
72,0.22886971693766855,2003-04-07,
73,0.26475580107886987,2003-04-23,
74,0.3520659215108113,2003-05-09,
75,0.4775531903556019,2003-05-25,
76,0.5399528055815644,2003-06-10,0.4110281601028159
77,0.5603860413916015,2003-06-26,
78,0.5595314702734847,2003-07-12,
79,0.5527093270162508,2003-07-28,
80,0.5403420901464568,2003-08-13,
81,0.5327329279206832,2003-08-29,
82,0.5361773382021282,2003-09-14,
83,0.49020986614630585,2003-09-30,
84,0.5070306353081979,2003-10-16,
85,0.3652194164268301,2003-11-01,-2.1045537820375477
86,0.16327179470195746,2003-11-17,
87,0.14289663839416877,2003-12-03,
88,0.0766108231126077,2003-12-19,
89,0.12946223250920214,2004-01-01,-1.959391543708763
90,0.13965200883621645,2004-01-17,
91,0.13492078675913952,2004-02-02,
92,0.14067682721644786,2004-02-18,
93,0.1946567749451055,2004-03-05,
94,0.24713810033879885,2004-03-21,
95,0.3194099082754652,2004-04-06,
96,0.3793619850731433,2004-04-22,
97,0.415290315722079,2004-05-08,
98,0.5108540770487603,2004-05-24,
99,0.5673376598707911,2004-06-09,
100,0.5775646934089654,2004-06-25,
101,0.5706511936507292,2004-07-11,
102,0.5742893079991579,2004-07-27,
103,0.5675238845087313,2004-08-12,
104,0.5502798332049472,2004-08-28,
105,0.5280259194287398,2004-09-13,
106,0.5062645943648069,2004-09-29,
107,0.42083707650997493,2004-10-15,
108,0.4082358210060946,2004-10-31,
109,0.3651905223439943,2004-11-16,
110,0.28912804852238416,2004-12-02,
111,0.23199462064878834,2004-12-18,
112,0.19093018679230592,2005-01-01,-0.06079811804704879
113,0.2655589959400081,2005-01-17,
114,0.2323081784531786,2005-02-02,
115,0.2686001862140202,2005-02-18,
116,0.2749047855982758,2005-03-06,
117,0.1965526180009006,2005-03-22,
118,0.2732042747418382,2005-04-07,
119,0.35034891354716885,2005-04-23,
120,0.4519683329921615,2005-05-09,
121,0.5048296719155276,2005-05-25,
122,0.5770030037544087,2005-06-10,-0.9190628489474344
123,0.5886568087686326,2005-06-26,
124,0.5901714416720818,2005-07-12,
125,0.584452818509933,2005-07-28,
126,0.5558213457041539,2005-08-13,
127,0.5444578382384548,2005-08-29,
128,0.5192520223091216,2005-09-14,
129,0.4993791287200432,2005-09-30,
130,0.508881442314439,2005-10-16,
131,0.1992842523801941,2005-11-01,-0.7368099177133441
132,0.29392945465659925,2005-11-17,
133,0.16606968194542274,2005-12-03,
134,0.16265855568438234,2005-12-19,
135,0.16236295984653262,2006-01-01,-0.021514250949273516
136,0.13941271410681932,2006-01-17,
137,0.16956350197597056,2006-02-02,
138,0.16442783915978956,2006-02-18,
139,0.15019212871109994,2006-03-06,
140,0.10973513952933804,2006-03-22,
141,0.20567817623640125,2006-04-07,
142,0.2808638432616931,2006-04-23,
143,0.372759444565889,2006-05-09,
144,0.4981841436513434,2006-05-25,
145,0.5740602684076066,2006-06-10,0.8675694106098188
146,0.5852878518896781,2006-06-26,
147,0.5824889700947209,2006-07-12,
148,0.5617359212420563,2006-07-28,
149,0.5487728000528002,2006-08-13,
150,0.5196478799978339,2006-08-29,
151,0.5086187891881002,2006-09-14,
152,0.48875951838305093,2006-09-30,
153,0.471027483043215,2006-10-16,
154,0.3815218658278769,2006-11-01,-0.7359109310336612
155,0.2426688136611057,2006-11-17,
156,0.1940796586848774,2006-12-03,
157,0.18116525145432766,2006-12-19,
158,0.16114610225743742,2007-01-01,-0.06233549890038693
159,0.2030906151379603,2007-01-17,
160,0.19495448933881415,2007-02-02,
161,0.10103587453782921,2007-02-18,
162,0.22586589156877127,2007-03-06,
163,0.27090822607346554,2007-03-22,
164,0.3274500113308928,2007-04-07,
165,0.38373407949155064,2007-04-23,
166,0.4508118807995027,2007-05-09,
167,0.5173898807307924,2007-05-25,
168,0.5625746475857706,2007-06-10,-2.2432413342227067
169,0.5553273356052159,2007-06-26,
170,0.5645421914816662,2007-07-12,
171,0.5468281119939268,2007-07-28,
172,0.5022610727995435,2007-08-13,
173,0.49345440747210434,2007-08-29,
174,0.48362055870485,2007-09-14,
175,0.48175820621201854,2007-09-30,
176,0.4478324369123626,2007-10-16,
177,0.4778248868542065,2007-11-01,-1.8877178206551697
178,0.22995160988715774,2007-11-17,
179,0.1833902298715621,2007-12-03,
180,0.1101073052531405,2007-12-19,
181,0.1077109898542132,2008-01-01,-1.627940543387166
182,0.10199243433281245,2008-01-17,
183,0.10058977646882594,2008-02-02,
184,0.13258164218491325,2008-02-18,
185,0.12914955429256966,2008-03-05,
186,0.11915707116633886,2008-03-21,
187,0.1270996365205121,2008-04-06,
188,0.1707291496401093,2008-04-22,
189,0.31407600316329437,2008-05-08,
190,0.3665608694172074,2008-05-24,
191,0.4827986311876561,2008-06-09,
192,0.5586613042278605,2008-06-25,
193,0.558434817693993,2008-07-11,
194,0.5542376714485622,2008-07-27,
195,0.5420000176271086,2008-08-12,
196,0.5293268351732029,2008-08-28,
197,0.4980712343831005,2008-09-13,
198,0.5094890839163257,2008-09-29,
199,0.48726305512353846,2008-10-15,
200,0.3833938312112324,2008-10-31,
201,0.43066500885253756,2008-11-16,
202,0.26090715396294223,2008-12-02,
203,0.08607114120092615,2008-12-18,
204,0.13252328652823317,2009-01-01,-1.8454493478186775
205,0.17910740523676175,2009-01-17,
206,0.15372309860864683,2009-02-02,
207,0.13992831552278065,2009-02-18,
208,0.11504294877861591,2009-03-06,
209,0.12867978979649772,2009-03-22,
210,0.2104987563408979,2009-04-07,
211,0.2370995282181406,2009-04-23,
212,0.339668512607256,2009-05-09,
213,0.44631947764266205,2009-05-25,
214,0.5664967885725306,2009-06-10,0.01127861206241855
215,0.564334284835308,2009-06-26,
216,0.5768606159090839,2009-07-12,
217,0.5762315037807096,2009-07-28,
218,0.5702495331401322,2009-08-13,
219,0.5404077833082421,2009-08-29,
220,0.5212694241178911,2009-09-14,
221,0.4370229954004661,2009-09-30,
222,0.4525489394672317,2009-10-16,
223,0.38394912915288326,2009-11-01,0.5877956438988123
224,0.23626517236963124,2009-11-17,
225,0.2674010048290567,2009-12-03,
226,0.15857637097556665,2009-12-19,
227,0.10751231003472665,2010-01-01,-1.0319145123195894
228,0.157449534010531,2010-01-17,
229,0.16691851666918306,2010-02-02,
230,0.1753638528724251,2010-02-18,
231,0.18339364442523037,2010-03-06,
232,0.17136731427140633,2010-03-22,
233,0.2130959537012653,2010-04-07,
234,0.2648474525022573,2010-04-23,
235,0.3102811184490329,2010-05-09,
236,0.43008509176405985,2010-05-25,
237,0.4910468726496736,2010-06-10,-1.9278213453661706
238,0.5734834774497014,2010-06-26,
239,0.5707421337911414,2010-07-12,
240,0.5714433369911892,2010-07-28,
241,0.5548217302868818,2010-08-13,
242,0.5400108397978731,2010-08-29,
243,0.5111171359693164,2010-09-14,
244,0.49291475461662576,2010-09-30,
245,0.49147457614008005,2010-10-16,
246,0.4158590093622985,2010-11-01,-0.6243677969140639
247,0.10604237538468651,2010-11-17,
248,0.11302587177769995,2010-12-03,
249,0.10949860517790723,2010-12-19,
250,0.07982977482055721,2011-01-01,-0.2724846219905029
251,0.14001212066719923,2011-01-17,
252,0.13655095696956884,2011-02-02,
253,0.08028457715340444,2011-02-18,
254,0.11229098147600673,2011-03-06,
255,0.1329124527503638,2011-03-22,
256,0.13322682127766386,2011-04-07,
257,0.18051604135113303,2011-04-23,
258,0.2655295065483052,2011-05-09,
259,0.36577755344252705,2011-05-25,
260,0.46719291431774845,2011-06-10,2.343538594234669
261,0.5378190591159242,2011-06-26,
262,0.5788159264476106,2011-07-12,
263,0.5745343279836728,2011-07-28,
264,0.5608978811164578,2011-08-13,
265,0.5363573104708833,2011-08-29,
266,0.5233922716873604,2011-09-14,
267,0.49507092739975445,2011-09-30,
268,0.5013741749968077,2011-10-16,
269,0.47602053985979864,2011-11-01,1.629610323740891
270,0.1708770520849232,2011-11-17,
271,0.24974660613508304,2011-12-03,
272,0.24328769842711512,2011-12-19,
273,0.23901107813454187,2012-01-01,-0.19937772997450626
274,0.11064068208471206,2012-01-17,
275,0.16615624378637162,2012-02-02,
276,0.13237546925961022,2012-02-18,
277,0.16534031177415712,2012-03-05,
278,0.1791737373107635,2012-03-21,
279,0.24691266204360549,2012-04-06,
280,0.3186111999378329,2012-04-22,
281,0.3799802257174248,2012-05-08,
282,0.43660074402584326,2012-05-24,
283,0.5283894550704734,2012-06-09,
284,0.5459881303541795,2012-06-25,
285,0.5738569024846696,2012-07-11,
286,0.5576930909535657,2012-07-27,
287,0.532249141807387,2012-08-12,
288,0.5069278521792694,2012-08-28,
289,0.4749710190207957,2012-09-13,
290,0.4613813682925235,2012-09-29,
291,0.45518531124011385,2012-10-15,
292,0.3321206754548352,2012-10-31,
293,0.22912179319909778,2012-11-16,
294,0.13620886229236434,2012-12-02,
295,0.1275766051529562,2012-12-18,
296,0.12791028844026903,2013-01-01,0.44586427730924133
297,0.15484335649683653,2013-01-17,
298,0.14393990129219683,2013-02-02,
299,0.13035949684439999,2013-02-18,
300,0.16019880828822647,2013-03-06,
301,0.19632007240684057,2013-03-22,
302,0.24833014043928578,2013-04-07,
303,0.2884264063136314,2013-04-23,
304,0.40838744676508265,2013-05-09,
305,0.48995741964956124,2013-05-25,
306,0.5232905333528284,2013-06-10,-1.8592588194723723
307,0.5534021623939235,2013-06-26,
308,0.5586499173260884,2013-07-12,
309,0.5419354662814874,2013-07-28,
310,0.512606805573283,2013-08-13,
311,0.5126057905349816,2013-08-29,
312,0.5085862404981218,2013-09-14,
313,0.430289831854545,2013-09-30,
314,0.4673994890217484,2013-10-16,
315,0.3657511531634275,2013-11-01,-0.7624026651813751
316,0.2981530865708702,2013-11-17,
317,0.15354881534540543,2013-12-03,
318,0.20383995766583055,2013-12-19,
319,0.17067601546849456,2014-01-01,-1.2448841718102952
320,0.20829624233432156,2014-01-17,
321,0.08549583704414122,2014-02-02,
322,0.0918385598191065,2014-02-18,
323,0.16464435447600376,2014-03-06,
324,0.18629841090743876,2014-03-22,
325,0.22569502976664657,2014-04-07,
326,0.26056802748194896,2014-04-23,
327,0.3506585063818758,2014-05-09,
328,0.45188694163145526,2014-05-25,
329,0.49503926258701114,2014-06-10,0.09470554069771958
330,0.5458540465046288,2014-06-26,
331,0.546223293561668,2014-07-12,
332,0.5394498749815464,2014-07-28,
333,0.5396857495332561,2014-08-13,
334,0.5251694603751784,2014-08-29,
335,0.4830232144426269,2014-09-14,
336,0.4819547948638228,2014-09-30,
337,0.4849252939408513,2014-10-16,
338,0.34022798475616717,2014-11-01,-0.7606234911368228
339,0.23569159692800384,2014-11-17,
340,0.22043645762227107,2014-12-03,
341,0.0819385051729264,2014-12-19,
342,0.11691766588115445,2015-01-01,0.048884402949644724
343,0.15586056182774444,2015-01-17,
344,0.23648519091603648,2015-02-02,
345,0.2212185410753165,2015-02-18,
346,0.25285955489402345,2015-03-06,
347,0.30935420008703224,2015-03-22,
348,0.32161019019940024,2015-04-07,
349,0.35825404087371465,2015-04-23,
350,0.42877039876449324,2015-05-09,
351,0.5512665103226316,2015-05-25,
352,0.5619350564559886,2015-06-10,-2.2612138164237967
353,0.5704017481795031,2015-06-26,
354,0.5735092954507475,2015-07-12,
355,0.5443961025441303,2015-07-28,
356,0.5246284709777415,2015-08-13,
357,0.49048417995728805,2015-08-29,
358,0.5034082177177273,2015-09-14,
359,0.4757331137432135,2015-09-30,
360,0.4825404068777508,2015-10-16,
361,0.27504820981782263,2015-11-01,-2.5041813151415298
362,0.24324693995684069,2015-11-17,
363,0.11529759319633058,2015-12-03,
364,0.08114586029940743,2015-12-19,
365,0.11087570145121804,2016-01-01,-1.6363791582480103
366,0.11129932361787359,2016-01-17,
367,0.11624328695400407,2016-02-02,
368,0.1724865888494421,2016-02-18,
369,0.14899661605877437,2016-03-05,
370,0.19190626843896544,2016-03-21,
371,0.266053363283994,2016-04-06,
372,0.36278529423633993,2016-04-22,
373,0.41863607477732595,2016-05-08,
374,0.49910324392539995,2016-05-24,
375,0.5625461990122554,2016-06-09,
376,0.555693707939942,2016-06-25,
377,0.5521383822911468,2016-07-11,
378,0.5291771519094305,2016-07-27,
379,0.5092931614645564,2016-08-12,
380,0.49948481596786626,2016-08-28,
381,0.48858674482438663,2016-09-13,
382,0.4818765535430473,2016-09-29,
383,0.3914134207995645,2016-10-15,
384,0.4808648032646857,2016-10-31,
385,0.38377168051058397,2016-11-16,
386,0.10900701487202136,2016-12-02,
387,0.11074184323111874,2016-12-18,
388,0.10180575068470704,2017-01-01,-0.9311551077384329
389,0.10151967134660309,2017-01-17,
390,0.1017847408083814,2017-02-02,
391,0.09778144160594003,2017-02-18,
392,0.08605477010348417,2017-03-06,
393,0.17944529902782305,2017-03-22,
394,0.20815585781899,2017-04-07,
395,0.28889783010335157,2017-04-23,
396,0.35064170806610784,2017-05-09,
397,0.45943878164949276,2017-05-25,
398,0.55455497726708,2017-06-10,2.596502678054379
399,0.5693188553574556,2017-06-26,
400,0.5691269164008282,2017-07-12,
401,0.5552766346006676,2017-07-28,
402,0.5358703129314588,2017-08-13,
403,0.5189403249627651,2017-08-29,
404,0.48707828806727277,2017-09-14,
405,0.43772757999056167,2017-09-30,
406,0.43293058889826613,2017-10-16,
407,0.17836565766678633,2017-11-01,0.987752945553975
408,0.29821898522459767,2017-11-17,
409,0.23394384113417527,2017-12-03,
410,0.14264785810552766,2017-12-19,
411,0.17467808866411272,2018-01-01,1.075841057073119
412,0.09704650948181524,2018-01-17,
413,0.18740080213374968,2018-02-02,
414,0.08773831779101629,2018-02-18,
415,0.12654120657211892,2018-03-06,
416,0.14280929148740212,2018-03-22,
417,0.21536368988550747,2018-04-07,
418,0.27443315136951696,2018-04-23,
419,0.39380224183830703,2018-05-09,
420,0.5280400907155212,2018-05-25,
421,0.5513192196911434,2018-06-10,1.1485192631712402
422,0.5805142790454924,2018-06-26,
423,0.5657611402314001,2018-07-12,
424,0.5520990807629068,2018-07-28,
425,0.5249237680360463,2018-08-13,
426,0.5042264698639851,2018-08-29,
427,0.48336430985870027,2018-09-14,
428,0.46501356549439987,2018-09-30,
429,0.4733250844048362,2018-10-16,
430,0.28980967560657034,2018-11-01,-0.9787333353607354
431,0.33758468097649513,2018-11-17,
432,0.1760449612152932,2018-12-03,
433,0.10320541770044163,2018-12-19,
434,0.1426890383401661,2019-01-01,-1.4106404328834454
435,0.14033051428660723,2019-01-17,
436,0.09015290513155265,2019-02-02,
437,0.05531990220942389,2019-02-18,
438,0.1089698347956038,2019-03-06,
439,0.11623783516460778,2019-03-22,
440,0.17614275375292118,2019-04-07,
441,0.252468312974766,2019-04-23,
442,0.3263306667622544,2019-05-09,
443,0.4890778844710733,2019-05-25,
444,0.5521224455239814,2019-06-10,0.859296520953792
445,0.5726698870126822,2019-06-26,
446,0.5914255382620072,2019-07-12,
447,0.5577926248856178,2019-07-28,
448,0.5383918245343733,2019-08-13,
449,0.5156932786095634,2019-08-29,
450,0.5194409627972999,2019-09-14,
451,0.4006269858959627,2019-09-30,
452,0.38848962359168326,2019-10-16,
453,0.419615311060782,2019-11-01,0.011476431193751632
454,0.38238868481653515,2019-11-17,
455,0.1976404983715375,2019-12-03,
456,0.17448695917666643,2019-12-19,
457,0.07938240702467239,2020-01-01,-1.6848602386802456
458,0.0952548875082958,2020-01-17,
459,0.09619086395609577,2020-02-02,
460,0.1076074351657985,2020-02-18,
461,0.12486811830446579,2020-03-05,
462,0.1442883463336931,2020-03-21,
463,0.18942080353144827,2020-04-06,
464,0.3025106306455904,2020-04-22,
465,0.33398922464025643,2020-05-08,
466,0.4758541622865006,2020-05-24,
467,0.5637046257305509,2020-06-09,
468,0.5808257163360602,2020-06-25,
469,0.5795834022463119,2020-07-11,
470,0.5746916840794495,2020-07-27,
471,0.5517413894275078,2020-08-12,
472,,1979-02-01,-0.11557088339094249
473,,1979-02-10,-0.071349305363176
474,,1979-02-20,0.05588860987044778
475,,1979-03-01,0.2532538283479499
476,,1979-03-10,0.2740792622881514
477,,1979-03-20,0.03187556102553628
478,,1979-04-01,-0.09965449885253337
479,,1979-04-10,-0.10247201917068663
480,,1979-04-20,-0.1657642381411915
481,,1979-05-01,-0.24482005872809737
482,,1979-05-10,-0.17226309460734565
483,,1979-05-20,-0.3345668529719136
484,,1979-06-01,-0.5411263364720187
485,,1979-06-10,-0.9522948807774695
486,,1979-06-20,-1.177939085760577
487,,1979-07-01,-1.386787845001882
488,,1979-07-10,-1.5519805751038673
489,,1979-07-20,-1.7449132257809168
490,,1979-08-01,-1.8725882726679197
491,,1979-08-10,-1.9735973721742999
492,,1979-08-20,-1.809309896563837
493,,1979-09-01,-1.5634343003985913
494,,1979-09-10,-1.338428329281444
495,,1979-09-20,-1.437024145427049
496,,1979-10-01,-1.6217305689921118
497,,1979-10-10,-1.8319316814718345
498,,1979-10-20,-1.6461602805546183
499,,1979-11-01,-1.396951709847274
500,,1979-11-10,-1.0751201074989103
501,,1979-11-20,-1.2451776455970973
502,,1979-12-01,-1.4108675075446064
503,,1979-12-10,-1.5017189985594182
504,,1979-12-20,-1.7252963995452852
505,,1980-01-01,-1.918226750803361
506,,1980-01-10,-1.9043757371093664
507,,1980-01-20,-1.6495343351129774
508,,1980-02-01,-1.4269617412976499
509,,1980-02-10,-1.309988355900744
510,,1980-02-20,-1.3114617771318529
511,,1980-03-01,-1.2482887472143334
512,,1980-03-10,-1.161386035543254
513,,1980-03-20,-1.0580661581313093
514,,1980-04-01,-0.9290594817069708
515,,1980-04-10,-0.7108555534675239
516,,1980-04-20,-0.8337068144101045
517,,1980-05-01,-0.9010500122847619
518,,1980-05-10,-0.9152454204671338
519,,1980-05-20,-0.7823806697485056
520,,1980-06-01,-0.38309456292872635
521,,1980-06-10,-0.06818891602543191
522,,1980-06-20,0.3729246399655302
523,,1980-07-01,0.6270094814018778
524,,1980-07-10,1.1329204335512637
525,,1980-07-20,1.5715621578551577
526,,1980-08-01,1.80672573101338
527,,1980-08-10,1.775813870881611
528,,1980-08-20,1.7574300961227813
529,,1980-09-01,1.6859477518645702
530,,1980-09-10,1.7769324266548627
531,,1980-09-20,2.040631470119161
532,,1980-10-01,2.267214282912314
533,,1980-10-10,2.253480051430416
534,,1980-10-20,2.0329000229024885
535,,1980-11-01,1.814943786511683
536,,1980-11-10,1.8404383733750806
537,,1980-11-20,1.7023268024589453
538,,1980-12-01,1.5451297432026923
539,,1980-12-10,1.4850035431922284
540,,1980-12-20,1.3707964728173703
541,,1981-01-01,1.4593136715334925
542,,1981-01-10,1.3052267871445158
543,,1981-01-20,1.1062814627841753
544,,1981-02-01,0.7016732989481761
545,,1981-02-10,0.36590591572784786
546,,1981-02-20,0.5457449244176489
547,,1981-03-01,0.5911093546968459
548,,1981-03-10,0.6023060545716056
549,,1981-03-20,0.2612870268536945
550,,1981-04-01,0.04433255044264979
551,,1981-04-10,-0.01964059775413461
552,,1981-04-20,-0.08817127393139132
553,,1981-05-01,-0.04683668000488039
554,,1981-05-10,-0.011965935246564764
555,,1981-05-20,0.25564983074342856
556,,1981-06-01,0.5296540249257118
557,,1981-06-10,1.0937671232144024
558,,1981-06-20,1.563381967113877
559,,1981-07-01,1.87279278201982
560,,1981-07-10,2.0705061143975456
561,,1981-07-20,2.120044649573699
562,,1981-08-01,2.1752668828376054
563,,1981-08-10,2.0976576647360186
564,,1981-08-20,1.9167609463546547
565,,1981-09-01,1.72677383341244
566,,1981-09-10,1.4647904513810293
567,,1981-09-20,1.1177343932184995
568,,1981-10-01,1.0071037445992814
569,,1981-10-10,1.183096185207868
570,,1981-10-20,1.4308630252651169
571,,1981-11-01,1.4408029816091699
572,,1981-11-10,1.1570033630613932
573,,1981-11-20,1.2361771874391685
574,,1981-12-01,1.377850395903256
575,,1981-12-10,1.5373681754378383
576,,1981-12-20,1.8326003939202653
577,,1982-01-01,2.0101514563631486
578,,1982-01-10,2.18166459533812
579,,1982-01-20,2.2259896364631597
580,,1982-02-01,2.420912149140164
581,,1982-02-10,2.5553919163303083
582,,1982-02-20,2.84554625915722
583,,1982-03-01,3.022478895570511
584,,1982-03-10,3.28887067065762
585,,1982-03-20,3.3433801742818687
586,,1982-04-01,3.430101658686026
587,,1982-04-10,3.64068762345904
588,,1982-04-20,3.9739533237525286
589,,1982-05-01,4.118390142535849
590,,1982-05-10,4.011890141309172
591,,1982-05-20,3.7422895541462595
592,,1982-06-01,3.5926786310212004
593,,1982-06-10,3.4370527613083173
594,,1982-06-20,3.216050476793171
595,,1982-07-01,3.1542537268001163
596,,1982-07-10,3.2459875927081265
597,,1982-07-20,3.3542134123354477
598,,1982-08-01,3.4043396628603486
599,,1982-08-10,3.3816765141877565
600,,1982-08-20,3.279621480461569
601,,1982-09-01,3.135863547842422
602,,1982-09-10,2.908219592812359
603,,1982-09-20,2.8228112135248917
604,,1982-10-01,2.965909297594381
605,,1982-10-10,3.2478209688113897
606,,1982-10-20,3.357762165918514
607,,1982-11-01,3.460086914521368
608,,1982-11-10,3.4777941183754084
609,,1982-11-20,3.602260008836789
610,,1982-12-01,3.4842473698091982
611,,1982-12-10,3.4230641404596676
612,,1982-12-20,3.4305842116521355
613,,1983-01-01,3.4711978982878993
614,,1983-01-10,3.656707109771291
615,,1983-01-20,3.631691470529347
616,,1983-02-01,3.532908653586719
617,,1983-02-10,3.334184075993508
618,,1983-02-20,3.324460427579312
619,,1983-03-01,3.3692629666808256
620,,1983-03-10,3.387587953818033
621,,1983-03-20,3.4424488464866645
622,,1983-04-01,3.597684010445701
623,,1983-04-10,3.682779844073887
624,,1983-04-20,3.5597325283575136
625,,1983-05-01,3.360499518149886
626,,1983-05-10,3.3194341087383683
627,,1983-05-20,3.3681776985274996
628,,1983-06-01,3.1599940537347977
629,,1983-06-10,2.7878978216952017
630,,1983-06-20,2.429185637816773
631,,1983-07-01,2.3169525396140442
632,,1983-07-10,2.460738010327955
633,,1983-07-20,2.7283244355811482
634,,1983-08-01,2.999120748581091
635,,1983-08-10,3.1480193680732644
636,,1983-08-20,3.305606625199274
637,,1983-09-01,3.519740192396377
638,,1983-09-10,3.5948332969909935
639,,1983-09-20,3.5258846192730613
640,,1983-10-01,3.462801027978351
641,,1983-10-10,3.447836794068539
642,,1983-10-20,3.419017583527015
643,,1983-11-01,3.2608956346481808
644,,1983-11-10,3.2036918333856823
645,,1983-11-20,3.304393929239603
646,,1983-12-01,3.4147074268105078
647,,1983-12-10,3.5281562366056094
648,,1983-12-20,3.60105626606726
649,,1984-01-01,3.6580194852957058
650,,1984-01-10,3.5504255844912893
651,,1984-01-20,3.3276404230195187
652,,1984-02-01,3.1002417637175315
653,,1984-02-10,2.8904927461497576
654,,1984-02-20,2.804654376021624
655,,1984-03-01,2.7122065119860843
656,,1984-03-10,2.6370208824919246
657,,1984-03-20,2.7271327991354877
658,,1984-04-01,2.8268956398217147
659,,1984-04-10,3.07115795183221
660,,1984-04-20,3.1462230729988057
661,,1984-05-01,3.195793012168789
662,,1984-05-10,3.215546996698474
663,,1984-05-20,3.326318208178117
664,,1984-06-01,3.4631037712667236
665,,1984-06-10,3.6284311821889337
666,,1984-06-20,3.781732317574185
667,,1984-07-01,3.9146132723877844
668,,1984-07-10,3.925384704618161
669,,1984-07-20,3.8538825766123046
670,,1984-08-01,3.966620241265001
671,,1984-08-10,4.071891835631209
672,,1984-08-20,4.134258711026651
673,,1984-09-01,4.1244195215475505
674,,1984-09-10,4.115866745687191
675,,1984-09-20,4.130825856392421
676,,1984-10-01,4.0702772648859
677,,1984-10-10,3.890312514402028
678,,1984-10-20,3.8174445641055583
679,,1984-11-01,3.7914644801173707
680,,1984-11-10,4.057184257772428
681,,1984-11-20,4.1174912017240555
682,,1984-12-01,4.213599039111197
683,,1984-12-10,4.233210676585496
684,,1984-12-20,4.21751989949217
685,,1985-01-01,4.0940252984366055
686,,1985-01-10,3.8572347260005433
687,,1985-01-20,3.555606170289003
688,,1985-02-01,3.1366924551571067
689,,1985-02-10,2.98051805552894
690,,1985-02-20,2.791737315282654
691,,1985-03-01,2.673033588336522
692,,1985-03-10,2.4102674908832302
693,,1985-03-20,2.1442759372048688
694,,1985-04-01,2.031742345442464
695,,1985-04-10,1.797544167847738
696,,1985-04-20,1.6718554101067715
697,,1985-05-01,1.3926572656459828
698,,1985-05-10,1.076816006255724
699,,1985-05-20,0.7480249330256481
700,,1985-06-01,0.4963226698392562
701,,1985-06-10,0.3609833120051263
702,,1985-06-20,-0.14429227436207456
703,,1985-07-01,-1.0709360272206165
704,,1985-07-10,-1.8127167238165074
705,,1985-07-20,-2.140727083160003
706,,1985-08-01,-2.2474552303696695
707,,1985-08-10,-2.1173173133096608
708,,1985-08-20,-1.8898518353634912
709,,1985-09-01,-1.7751729180624263
710,,1985-09-10,-1.1988321506890545
711,,1985-09-20,0.02275663562419903
712,,1985-10-01,1.6550359597193205
713,,1985-10-10,1.9746098056124455
714,,1985-10-20,1.972680000939604
715,,1985-11-01,2.1265421933612587
716,,1985-11-10,2.1903814796540297
717,,1985-11-20,2.2814364550371002
718,,1985-12-01,2.285056814930133
719,,1985-12-10,2.211792372117324
720,,1985-12-20,2.0400717603874976
721,,1986-01-01,1.7621180392964422
722,,1986-01-10,1.474031508527339
723,,1986-01-20,1.2916952272028583
724,,1986-02-01,1.2143994097173216
725,,1986-02-10,1.1070033528371717
726,,1986-02-20,1.5045649441498652
727,,1986-03-01,2.1928595856063624
728,,1986-03-10,2.9048570808261447
729,,1986-03-20,3.0719342578896773
730,,1986-04-01,2.9234694865931354
731,,1986-04-10,2.6376199306846058
732,,1986-04-20,2.393229730131181
733,,1986-05-01,2.3285224397096846
734,,1986-05-10,2.5027278716421186
735,,1986-05-20,2.5564860501482918
736,,1986-06-01,2.452697039270842
737,,1986-06-10,2.2440382075259317
738,,1986-06-20,1.9780350595086573
739,,1986-07-01,1.742623507064507
740,,1986-07-10,1.5398442923936535
741,,1986-07-20,1.4069101205305075
742,,1986-08-01,1.32149284081046
743,,1986-08-10,1.0622366175430866
744,,1986-08-20,0.7547262779150017
745,,1986-09-01,0.7177036035380852
746,,1986-09-10,0.8878827531459628
747,,1986-09-20,1.2589286592490092
748,,1986-10-01,1.699618210439419
749,,1986-10-10,1.970521241196795
750,,1986-10-20,1.9608776152941847
751,,1986-11-01,1.7582018561439479
752,,1986-11-10,1.582686971015677
753,,1986-11-20,1.5593321948270151
754,,1986-12-01,1.4522302725935734
755,,1986-12-10,1.2508499177643124
756,,1986-12-20,0.888360456048764
757,,1987-01-01,0.28338856287072506
758,,1987-01-10,-0.5008076982074872
759,,1987-01-20,-1.2364686912758234
760,,1987-02-01,-1.4560750978353556
761,,1987-02-10,-1.5704674429157692
762,,1987-02-20,-1.6005923613531816
763,,1987-03-01,-1.7093136157179913
764,,1987-03-10,-1.7954536888051549
765,,1987-03-20,-1.700318693285638
766,,1987-04-01,-1.6999898777954132
767,,1987-04-10,-1.7781934995317774
768,,1987-04-20,-2.0572510170819553
769,,1987-05-01,-2.352862137922039
770,,1987-05-10,-2.676730573966891
771,,1987-05-20,-2.9164190376665253
772,,1987-06-01,-2.9495006533929584
773,,1987-06-10,-2.915564884807769
774,,1987-06-20,-2.9092580421620555
775,,1987-07-01,-3.019837631651377
776,,1987-07-10,-3.061995403385901
777,,1987-07-20,-2.9572153822787843
778,,1987-08-01,-2.764293450080349
779,,1987-08-10,-2.589731729874804
780,,1987-08-20,-2.521424195649776
781,,1987-09-01,-2.4938454618894976
782,,1987-09-10,-2.5055945475168047
783,,1987-09-20,-2.6220871729776056
784,,1987-10-01,-2.7675121972929335
785,,1987-10-10,-2.925014532621208
786,,1987-10-20,-3.1129673675269847
787,,1987-11-01,-3.3945584080150097
788,,1987-11-10,-3.653965847693958
789,,1987-11-20,-3.7788294908760762
790,,1987-12-01,-3.881304338175851
791,,1987-12-10,-3.815670749181982
792,,1987-12-20,-3.856036720727288
793,,1988-01-01,-3.8538388084161657
794,,1988-01-10,-3.8648601882538065
795,,1988-01-20,-3.794357233190045
796,,1988-02-01,-3.686841838274761
797,,1988-02-10,-3.5438647164177244
798,,1988-02-20,-3.505408285097144
799,,1988-03-01,-3.4891313708855574
800,,1988-03-10,-3.5045081149305863
801,,1988-03-20,-3.5693348243148835
802,,1988-04-01,-3.450302412810135
803,,1988-04-10,-3.3388524615512774
804,,1988-04-20,-3.119844208027892
805,,1988-05-01,-2.965895331697175
806,,1988-05-10,-2.8075778760009302
807,,1988-05-20,-2.7564876564039755
808,,1988-06-01,-2.631301418664335
809,,1988-06-10,-2.6351293750024065
810,,1988-06-20,-2.6748163995462835
811,,1988-07-01,-2.720706016728739
812,,1988-07-10,-2.737684984510676
813,,1988-07-20,-2.7366748160273127
814,,1988-08-01,-2.845808584405713
815,,1988-08-10,-2.9334705522956677
816,,1988-08-20,-2.995100481019709
817,,1988-09-01,-3.0603096821589815
818,,1988-09-10,-3.1891333098621804
819,,1988-09-20,-3.2843767661535135
820,,1988-10-01,-3.294493255509382
821,,1988-10-10,-3.3109491909334614
822,,1988-10-20,-3.2951855598071513
823,,1988-11-01,-3.456595081824715
824,,1988-11-10,-3.341487253375419
825,,1988-11-20,-3.1387964961253467
826,,1988-12-01,-2.700625753799387
827,,1988-12-10,-2.4992070382869107
828,,1988-12-20,-2.437048486488877
829,,1989-01-01,-2.453003394849086
830,,1989-01-10,-2.2640613464598123
831,,1989-01-20,-2.087506360984182
832,,1989-02-01,-1.897309621302456
833,,1989-02-10,-1.9601872219732146
834,,1989-02-20,-2.009291712876984
835,,1989-03-01,-2.075352901323224
836,,1989-03-10,-1.9118928278122918
837,,1989-03-20,-1.6301575044131713
838,,1989-04-01,-1.1511018943632483
839,,1989-04-10,-0.7899604003604547
840,,1989-04-20,-0.7409717493888709
841,,1989-05-01,-0.8823647961309038
842,,1989-05-10,-0.9722927960615209
843,,1989-05-20,-0.9453411259546936
844,,1989-06-01,-0.930014270146402
845,,1989-06-10,-1.0616814746150944
846,,1989-06-20,-1.1383517784505501
847,,1989-07-01,-1.279652239309721
848,,1989-07-10,-1.4170420296423623
849,,1989-07-20,-1.5131343072814998
850,,1989-08-01,-1.622857822138593
851,,1989-08-10,-1.6225647625462116
852,,1989-08-20,-1.6463438375225636
853,,1989-09-01,-1.4247606582832397
854,,1989-09-10,-1.272190756773601
855,,1989-09-20,-1.0874767607644222
856,,1989-10-01,-1.1243603476773112
857,,1989-10-10,-1.0446019578516084
858,,1989-10-20,-1.1317060139009723
859,,1989-11-01,-1.048482139056227
860,,1989-11-10,-1.0266999501165874
861,,1989-11-20,-0.9844244104631563
862,,1989-12-01,-1.1247746022520262
863,,1989-12-10,-1.274204875797855
864,,1989-12-20,-1.4161102256091125
865,,1990-01-01,-1.649373742839789
866,,1990-01-10,-1.711796504145155
867,,1990-01-20,-1.7930291757484522
868,,1990-02-01,-1.6725197832634031
869,,1990-02-10,-1.5311969226983402
870,,1990-02-20,-1.3021532586899927
871,,1990-03-01,-1.2448230822867834
872,,1990-03-10,-1.3727726849636517
873,,1990-03-20,-1.5203914999705872
874,,1990-04-01,-1.6869331381959267
875,,1990-04-10,-1.9677900935454962
876,,1990-04-20,-2.1861086454139924
877,,1990-05-01,-2.0359351328037127
878,,1990-05-10,-1.8557664663484563
879,,1990-05-20,-1.6537025624593147
880,,1990-06-01,-1.2782475876580317
881,,1990-06-10,-0.9277777987161487
882,,1990-06-20,-0.6081809644030364
883,,1990-07-01,-0.6320671404665998
884,,1990-07-10,-0.6634351377021624
885,,1990-07-20,-0.7072125700988464
886,,1990-08-01,-0.7036946610510589
887,,1990-08-10,-0.7373529807453113
888,,1990-08-20,-0.3938397141413797
889,,1990-09-01,0.033911130246440664
890,,1990-09-10,0.42281103897957234
891,,1990-09-20,0.3022595611213684
892,,1990-10-01,0.03386861454186507
893,,1990-10-10,-0.15457886180871908
894,,1990-10-20,-0.016366853183172665
895,,1990-11-01,0.08512649533448555
896,,1990-11-10,0.20187646620435737
897,,1990-11-20,0.0627436061458175
898,,1990-12-01,-0.11017957259430713
899,,1990-12-10,-0.40074938690371864
900,,1990-12-20,-0.6061101019394519
901,,1991-01-01,-0.7556648871887625
902,,1991-01-10,-0.9379638886575413
903,,1991-01-20,-1.0329298046224942
904,,1991-02-01,-1.1992662912947452
905,,1991-02-10,-1.3229323495563783
906,,1991-02-20,-1.571636270342269
907,,1991-03-01,-1.8123467356867125
908,,1991-03-10,-1.6950577331876338
909,,1991-03-20,-1.6021204957718738
910,,1991-04-01,-1.471276884021904
911,,1991-04-10,-1.429601609031504
912,,1991-04-20,-1.3177334600780042
913,,1991-05-01,-1.1312822561909117
914,,1991-05-10,-0.9929910984768129
915,,1991-05-20,-0.7537804992867235
916,,1991-06-01,-0.4887975959014991
917,,1991-06-10,-0.3534186851700666
918,,1991-06-20,-0.43338258630762966
919,,1991-07-01,-0.2918198763174208
920,,1991-07-10,-0.25075461712613056
921,,1991-07-20,-0.23450542220251813
922,,1991-08-01,-0.28702963409903337
923,,1991-08-10,-0.3486777433795532
924,,1991-08-20,-0.4157794804815502
925,,1991-09-01,-0.5544937872493498
926,,1991-09-10,-0.5806576453588742
927,,1991-09-20,-0.6107490165545519
928,,1991-10-01,-0.6424031878855558
929,,1991-10-10,-0.867323963042656
930,,1991-10-20,-1.1655491117424888
931,,1991-11-01,-1.2016397445958316
932,,1991-11-10,-1.0542594643596246
933,,1991-11-20,-0.6567683596490537
934,,1991-12-01,-0.3925608126048839
935,,1991-12-10,0.016345015900788885
936,,1991-12-20,0.4011373180116885
937,,1992-01-01,0.3037504849839503
938,,1992-01-10,-0.0014669391040915154
939,,1992-01-20,-0.40739081275760053
940,,1992-02-01,-0.7765608053258778
941,,1992-02-10,-1.096354455905465
942,,1992-02-20,-1.2594147663317699
943,,1992-03-01,-1.38290370971602
944,,1992-03-10,-1.5012648282802215
945,,1992-03-20,-1.6668560420279812
946,,1992-04-01,-1.9113579212098055
947,,1992-04-10,-1.9999354380343661
948,,1992-04-20,-1.995387861923227
949,,1992-05-01,-1.9485450261703074
950,,1992-05-10,-2.101806000955989
951,,1992-05-20,-2.376523519684153
952,,1992-06-01,-2.7258933773986853
953,,1992-06-10,-3.08526864839262
954,,1992-06-20,-3.2127748948137396
955,,1992-07-01,-3.1663332206626
956,,1992-07-10,-2.8970497342134007
957,,1992-07-20,-2.699102515107036
958,,1992-08-01,-2.5881811319918273
959,,1992-08-10,-2.5627060744589514
960,,1992-08-20,-2.5786950187768607
961,,1992-09-01,-2.6111460176339913
962,,1992-09-10,-2.59078126338555
963,,1992-09-20,-2.5678199606173346
964,,1992-10-01,-2.431135394085089
965,,1992-10-10,-2.2951937149813557
966,,1992-10-20,-2.2397100761932385
967,,1992-11-01,-2.1934343451861333
968,,1992-11-10,-2.0745087702746408
969,,1992-11-20,-1.9980326592860063
970,,1992-12-01,-2.0099873230726812
971,,1992-12-10,-2.0216737524507735
972,,1992-12-20,-1.9793379470079162
973,,1993-01-01,-1.8600742417430065
974,,1993-01-10,-1.7683401259889004
975,,1993-01-20,-1.636930520880031
976,,1993-02-01,-1.5540380734897057
977,,1993-02-10,-1.5225086919855728
978,,1993-02-20,-1.4885625438741426
979,,1993-03-01,-1.5089288141538642
980,,1993-03-10,-1.5776593553365186
981,,1993-03-20,-1.4636012469631874
982,,1993-04-01,-1.3162614639976922
983,,1993-04-10,-0.617364877246024
984,,1993-04-20,-0.10074418033522464
985,,1993-05-01,0.4820144276347675
986,,1993-05-10,0.8629703100512234
987,,1993-05-20,0.9113790603723829
988,,1993-06-01,0.7804774687596878
989,,1993-06-10,0.891294388568033
990,,1993-06-20,1.2412468691526546
991,,1993-07-01,1.6765543485861127
992,,1993-07-10,1.9099172334018768
993,,1993-07-20,2.1075859550882097
994,,1993-08-01,2.354933254791151
995,,1993-08-10,2.5822533290905962
996,,1993-08-20,2.9594648396602943
997,,1993-09-01,3.180201815386609
998,,1993-09-10,3.2149626867823393
999,,1993-09-20,3.0482113424639206
1000,,1993-10-01,2.7952295342092914
1001,,1993-10-10,2.6103788250791826
1002,,1993-10-20,2.460037919173441
1003,,1993-11-01,2.2688351035763383
1004,,1993-11-10,1.9255501560889081
1005,,1993-11-20,1.3427031045236864
1006,,1993-12-01,0.69892181534419
1007,,1993-12-10,0.34573800911993247
1008,,1993-12-20,-0.05098477713393145
1009,,1994-01-01,-0.6274866571885022
1010,,1994-01-10,-1.0381093240186148
1011,,1994-01-20,-1.3362454484602793
1012,,1994-02-01,-1.6504674274996332
1013,,1994-02-10,-2.024972491720727
1014,,1994-02-20,-2.2915823972008544
1015,,1994-03-01,-2.1840445084380136
1016,,1994-03-10,-2.178663294483572
1017,,1994-03-20,-2.181920092584663
1018,,1994-04-01,-2.4274732308045217
1019,,1994-04-10,-2.588914926429258
1020,,1994-04-20,-2.791492213685237
1021,,1994-05-01,-2.81503343020101
1022,,1994-05-10,-2.9471161592987314
1023,,1994-05-20,-2.8621246310578337
1024,,1994-06-01,-2.878162422056999
1025,,1994-06-10,-2.865343096435111
1026,,1994-06-20,-2.8438491147275253
1027,,1994-07-01,-2.9055377513116167
1028,,1994-07-10,-2.8866946626534085
1029,,1994-07-20,-2.930422693510759
1030,,1994-08-01,-2.920047812151372
1031,,1994-08-10,-2.9282942953067264
1032,,1994-08-20,-2.9370528992149065
1033,,1994-09-01,-3.00000622864551
1034,,1994-09-10,-3.1030657712671346
1035,,1994-09-20,-3.205093568228753
1036,,1994-10-01,-3.277843292061423
1037,,1994-10-10,-3.3053402742174445
1038,,1994-10-20,-3.228970749931891
1039,,1994-11-01,-3.0045757171262317
1040,,1994-11-10,-2.6158336033896994
1041,,1994-11-20,-2.373037060696932
1042,,1994-12-01,-2.108146220540982
1043,,1994-12-10,-1.8662194803132155
1044,,1994-12-20,-1.582179118374963
1045,,1995-01-01,-1.526326535410211
1046,,1995-01-10,-1.4948522203284174
1047,,1995-01-20,-1.4142248089050322
1048,,1995-02-01,-1.1791885027223323
1049,,1995-02-10,-0.8933776117686262
1050,,1995-02-20,-0.6932679560280048
1051,,1995-03-01,-0.7001245844571373
1052,,1995-03-10,-0.41279394125445035
1053,,1995-03-20,0.4026826889877679
1054,,1995-04-01,1.2099303925375127
1055,,1995-04-10,1.5396198114365023
1056,,1995-04-20,1.5252199313412802
1057,,1995-05-01,1.7711280765085022
1058,,1995-05-10,2.1206645479438677
1059,,1995-05-20,2.3259124431686145
1060,,1995-06-01,2.3516747783105307
1061,,1995-06-10,2.3324498156457794
1062,,1995-06-20,2.435954886723011
1063,,1995-07-01,2.644701900284622
1064,,1995-07-10,2.8460016665028007
1065,,1995-07-20,3.1086050564910863
1066,,1995-08-01,3.366696234767482
1067,,1995-08-10,3.4437826907651967
1068,,1995-08-20,3.5108907660918582
1069,,1995-09-01,3.487450315541923
1070,,1995-09-10,3.4280713802161094
1071,,1995-09-20,3.2392978690864065
1072,,1995-10-01,3.056151247750256
1073,,1995-10-10,2.947597019059333
1074,,1995-10-20,2.980254236869805
1075,,1995-11-01,2.972200254141915
1076,,1995-11-10,2.918172591593527
1077,,1995-11-20,2.924657565174314
1078,,1995-12-01,3.2061827690885405
1079,,1995-12-10,3.4666371735070878
1080,,1995-12-20,3.766347465977406
1081,,1996-01-01,3.8359143699986022
1082,,1996-01-10,3.880376045786257
1083,,1996-01-20,3.84978697332994
1084,,1996-02-01,3.983866630874834
1085,,1996-02-10,4.280354751406579
1086,,1996-02-20,4.430916578333212
1087,,1996-03-01,4.498537815600953
1088,,1996-03-10,4.326273363254837
1089,,1996-03-20,4.146219168711584
1090,,1996-04-01,3.9236359331924837
1091,,1996-04-10,3.726849741824384
1092,,1996-04-20,3.7426145865497897
1093,,1996-05-01,3.919826776631748
1094,,1996-05-10,4.027798125809926
1095,,1996-05-20,4.326895157273994
1096,,1996-06-01,4.568964140235731
1097,,1996-06-10,4.635405817741277
1098,,1996-06-20,4.3914432655354485
1099,,1996-07-01,4.153233036727155
1100,,1996-07-10,4.018239492149304
1101,,1996-07-20,3.7814770506400426
1102,,1996-08-01,3.4981191206446325
1103,,1996-08-10,3.283855339087509
1104,,1996-08-20,3.059749504415478
1105,,1996-09-01,2.835443560500071
1106,,1996-09-10,2.6192273809264814
1107,,1996-09-20,2.512759799076234
1108,,1996-10-01,2.391864519119583
1109,,1996-10-10,2.211984402483424
1110,,1996-10-20,2.027891392439113
1111,,1996-11-01,1.9855330299998506
1112,,1996-11-10,1.9213280717189676
1113,,1996-11-20,2.153047440194563
1114,,1996-12-01,2.264681592676125
1115,,1996-12-10,2.754744460050932
1116,,1996-12-20,2.998707874074791
1117,,1997-01-01,3.699365513611886
1118,,1997-01-10,4.278657247668505
1119,,1997-01-20,4.7404406010967275
1120,,1997-02-01,4.9000831958307565
1121,,1997-02-10,4.851943152218699
1122,,1997-02-20,4.862842534598015
1123,,1997-03-01,4.62950951667864
1124,,1997-03-10,4.544226613285003
1125,,1997-03-20,4.437868444150398
1126,,1997-04-01,4.360253940437093
1127,,1997-04-10,4.139760415046352
1128,,1997-04-20,4.019270886461484
1129,,1997-05-01,4.065833597428324
1130,,1997-05-10,4.066606165592781
1131,,1997-05-20,3.8276759575115147
1132,,1997-06-01,3.5547629755659695
1133,,1997-06-10,3.388508650473192
1134,,1997-06-20,3.3616594076819757
1135,,1997-07-01,3.309907683070037
1136,,1997-07-10,3.356233992226949
1137,,1997-07-20,3.4349080362237094
1138,,1997-08-01,3.472318452428766
1139,,1997-08-10,3.572761070060149
1140,,1997-08-20,3.6314122265562774
1141,,1997-09-01,3.6191104067418207
1142,,1997-09-10,3.514915951127567
1143,,1997-09-20,3.5160482343033963
1144,,1997-10-01,3.4737960205148406
1145,,1997-10-10,3.569024663577746
1146,,1997-10-20,3.478931837359617
1147,,1997-11-01,3.5461652293295125
1148,,1997-11-10,3.4088035759205115
1149,,1997-11-20,3.2404416971927437
1150,,1997-12-01,3.0289110526082
1151,,1997-12-10,2.780263316494419
1152,,1997-12-20,2.547891139422505
1153,,1998-01-01,2.2529313561263615
1154,,1998-01-10,2.04785689564344
1155,,1998-01-20,2.0662806516479315
1156,,1998-02-01,2.1713195073156903
1157,,1998-02-10,2.244490979667464
1158,,1998-02-20,2.0420969726715943
1159,,1998-03-01,1.927372662980155
1160,,1998-03-10,1.7878703530969489
1161,,1998-03-20,1.6052657643824124
1162,,1998-04-01,1.4812716985168057
1163,,1998-04-10,1.4874781233519885
1164,,1998-04-20,1.6093832006226487
1165,,1998-05-01,1.525157974675274
1166,,1998-05-10,1.349671714975478
1167,,1998-05-20,1.3545223041811023
1168,,1998-06-01,1.685180760716067
1169,,1998-06-10,1.941988932370215
1170,,1998-06-20,2.225338664288494
1171,,1998-07-01,2.5245388756507166
1172,,1998-07-10,2.896079486967374
1173,,1998-07-20,3.1995447485113613
1174,,1998-08-01,3.4115488453505614
1175,,1998-08-10,3.5682941971431332
1176,,1998-08-20,3.568298124703215
1177,,1998-09-01,3.340352383280797
1178,,1998-09-10,3.290688437753473
1179,,1998-09-20,3.258894577204274
1180,,1998-10-01,3.280194785451672
1181,,1998-10-10,3.163203750973802
1182,,1998-10-20,3.000842595594979
1183,,1998-11-01,2.71937540265768
1184,,1998-11-10,2.453493821460887
1185,,1998-11-20,2.2624313072225415
1186,,1998-12-01,2.3885039931007044
1187,,1998-12-10,2.475036842224989
1188,,1998-12-20,2.473199582824657
1189,,1999-01-01,2.543279214087367
1190,,1999-01-10,2.4916256528777003
1191,,1999-01-20,2.636948252619243
1192,,1999-02-01,2.6587778332040286
1193,,1999-02-10,2.9707329041371264
1194,,1999-02-20,3.0888224107497155
1195,,1999-03-01,3.4577375643090127
1196,,1999-03-10,3.593448660023562
1197,,1999-03-20,3.6029120815441225
1198,,1999-04-01,3.3605318506641852
1199,,1999-04-10,3.081031684343403
1200,,1999-04-20,2.8325341305231952
1201,,1999-05-01,2.581482671843468
1202,,1999-05-10,2.4380422112594733
1203,,1999-05-20,2.3611115333139776
1204,,1999-06-01,2.195329984272582
1205,,1999-06-10,2.127744407725308
1206,,1999-06-20,2.0356602541253275
1207,,1999-07-01,1.9798198073598723
1208,,1999-07-10,1.797184528522402
1209,,1999-07-20,1.6222987657964536
1210,,1999-08-01,1.3977941221609893
1211,,1999-08-10,1.1203637021922348
1212,,1999-08-20,0.9880988387140981
1213,,1999-09-01,0.9417223154723403
1214,,1999-09-10,0.817579075339799
1215,,1999-09-20,0.3454030327097036
1216,,1999-10-01,-0.22221333180177796
1217,,1999-10-10,-0.7887471920021562
1218,,1999-10-20,-1.348291157092364
1219,,1999-11-01,-1.5897414134982528
1220,,1999-11-10,-1.8377471236672493
1221,,1999-11-20,-2.044102847852834
1222,,1999-12-01,-2.1451769253240687
1223,,1999-12-10,-2.219493948885353
1224,,1999-12-20,-2.04679247020051
1225,,2000-01-01,-2.0397214765528577
1226,,2000-01-10,-1.96935050511371
1227,,2000-01-20,-1.8703559717991294
1228,,2000-02-01,-1.6897002015074243
1229,,2000-02-10,-1.579801909223147
1230,,2000-02-20,-1.5340246693743713
1231,,2000-03-01,-1.3620169714268964
1232,,2000-03-10,-1.2062046495438552
1233,,2000-03-20,-1.1182854398347408
1234,,2000-04-01,-1.1982212961984398
1235,,2000-04-10,-1.3099428814399248
1236,,2000-04-20,-1.463781361021109
1237,,2000-05-01,-1.5981863553976956
1238,,2000-05-10,-1.5089285623458506
1239,,2000-05-20,-1.4771728646832847
1240,,2000-06-01,-1.4930560770219032
1241,,2000-06-10,-1.6955819445168985
1242,,2000-06-20,-1.8366664087536901
1243,,2000-07-01,-1.997341099416377
1244,,2000-07-10,-2.0941032478737847
1245,,2000-07-20,-2.2344799645568467
1246,,2000-08-01,-2.3634679583954736
1247,,2000-08-10,-2.4622868731771423
1248,,2000-08-20,-2.575003729647499
1249,,2000-09-01,-2.6556161254285287
1250,,2000-09-10,-2.473215256640407
1251,,2000-09-20,-2.3024091169652756
1252,,2000-10-01,-2.033690373028832
1253,,2000-10-10,-1.9395868446144944
1254,,2000-10-20,-1.5827097262030785
1255,,2000-11-01,-1.1992161226975664
1256,,2000-11-10,-0.798255483508277
1257,,2000-11-20,-0.8008114426205467
1258,,2000-12-01,-0.9046027137403397
1259,,2000-12-10,-1.1109028318180127
1260,,2000-12-20,-1.2682058184136757
1261,,2001-01-10,-1.6347075056328846
1262,,2001-01-20,-1.867516480598043
1263,,2001-02-01,-2.1098493310009117
1264,,2001-02-10,-2.1829179132309626
1265,,2001-02-20,-2.324424613672735
1266,,2001-03-01,-2.4303351512998588
1267,,2001-03-10,-2.589411211145034
1268,,2001-03-20,-2.670542230230757
1269,,2001-04-01,-2.731317376457918
1270,,2001-04-10,-2.699363862724822
1271,,2001-04-20,-2.584554021624777
1272,,2001-05-01,-2.454485113563008
1273,,2001-05-10,-2.4607667349919176
1274,,2001-05-20,-2.5147157858297406
1275,,2001-06-01,-2.7116807385024675
1276,,2001-06-20,-2.8921621245552345
1277,,2001-07-01,-2.8927859707279104
1278,,2001-07-10,-2.901180548753041
1279,,2001-07-20,-2.833974104526495
1280,,2001-08-01,-2.685670801022402
1281,,2001-08-10,-2.555796521413345
1282,,2001-08-20,-2.5399480249775572
1283,,2001-09-01,-2.6370624073174094
1284,,2001-09-10,-2.6673815534054017
1285,,2001-09-20,-2.6530672871378385
1286,,2001-10-01,-2.6415086835956307
1287,,2001-10-10,-2.7109717468431405
1288,,2001-10-20,-2.6179388559227528
1289,,2001-11-10,-2.209561654708026
1290,,2001-11-20,-2.318933600635051
1291,,2001-12-01,-2.3310457757232745
1292,,2001-12-10,-2.1468796002117254
1293,,2001-12-20,-1.8647275119440148
1294,,2002-01-10,-1.7263477138726102
1295,,2002-01-20,-1.835493181228184
1296,,2002-02-01,-1.7290224662115283
1297,,2002-02-10,-1.6011771349363053
1298,,2002-02-20,-1.5699403318505287
1299,,2002-03-01,-1.66720311284305
1300,,2002-03-10,-1.7237830711865123
1301,,2002-03-20,-1.5509161379567449
1302,,2002-04-01,-1.4057664488344033
1303,,2002-04-10,-1.3228261609018892
1304,,2002-04-20,-1.2677515581069936
1305,,2002-05-01,-1.2564186903536843
1306,,2002-05-10,-1.2195216604209935
1307,,2002-05-20,-1.4052957056337092
1308,,2002-06-01,-1.4928746298967315
1309,,2002-06-20,-1.6302177933157294
1310,,2002-07-01,-1.6495727979901589
1311,,2002-07-10,-1.695054410070609
1312,,2002-07-20,-1.6862824873599238
1313,,2002-08-01,-1.726857772607733
1314,,2002-08-10,-1.7425308453707316
1315,,2002-08-20,-1.832980052736513
1316,,2002-09-01,-1.789524041029576
1317,,2002-09-10,-1.7450140523903084
1318,,2002-09-20,-1.6815806989361746
1319,,2002-10-01,-1.7162359966218257
1320,,2002-10-10,-1.81049786751119
1321,,2002-10-20,-1.96457243563128
1322,,2002-11-10,-2.2803686159329186
1323,,2002-11-20,-2.396620604765222
1324,,2002-12-01,-2.556927755127967
1325,,2002-12-10,-2.7966711545093155
1326,,2002-12-20,-2.9431003254511956
1327,,2003-01-10,-2.908802611274087
1328,,2003-01-20,-2.8890141985628013
1329,,2003-02-01,-2.6910079034315184
1330,,2003-02-10,-2.4107600070230792
1331,,2003-02-20,-2.122755335627418
1332,,2003-03-01,-2.0285497949369535
1333,,2003-03-10,-1.6306300683460624
1334,,2003-03-20,-1.09495834635281
1335,,2003-04-01,-0.5883356161398273
1336,,2003-04-10,-0.3569150541004553
1337,,2003-04-20,-0.09011951115835339
1338,,2003-05-01,0.08165240326880291
1339,,2003-05-10,0.34454070617942095
1340,,2003-05-20,0.6432911152902133
1341,,2003-06-01,0.6284079855237015
1342,,2003-06-20,0.14211508582407667
1343,,2003-07-01,-0.12573563512607255
1344,,2003-07-10,-0.4036390541950148
1345,,2003-07-20,-0.9290096260349715
1346,,2003-08-01,-1.3715498058026347
1347,,2003-08-10,-1.5391418566854176
1348,,2003-08-20,-1.626055931989098
1349,,2003-09-01,-1.5603143902074668
1350,,2003-09-10,-1.5054145652113038
1351,,2003-09-20,-1.450881664577679
1352,,2003-10-01,-1.5628773067417623
1353,,2003-10-10,-1.7576288416248866
1354,,2003-10-20,-1.9443296257018023
1355,,2003-11-10,-2.257934488436921
1356,,2003-11-20,-2.2774558487597685
1357,,2003-12-01,-2.2841012881258314
1358,,2003-12-10,-2.200509713201371
1359,,2003-12-20,-2.1160654358145483
1360,,2004-01-10,-1.8131309985951034
1361,,2004-01-20,-1.8015808049539974
1362,,2004-02-01,-1.6978825484348026
1363,,2004-02-10,-1.645041284040847
1364,,2004-02-20,-1.4831042479564422
1365,,2004-03-01,-1.4736736710096947
1366,,2004-03-10,-1.4589753489041049
1367,,2004-03-20,-1.5886523599801177
1368,,2004-04-01,-1.7800866330028902
1369,,2004-04-10,-2.02143220072389
1370,,2004-04-20,-2.1989109982216775
1371,,2004-05-01,-2.385773237552482
1372,,2004-05-10,-2.585207488494394
1373,,2004-05-20,-2.559367448929826
1374,,2004-06-01,-2.2411264692112707
1375,,2004-06-10,-1.9808347673033797
1376,,2004-06-20,-1.8800746808654247
1377,,2004-07-01,-1.9092566492652288
1378,,2004-07-10,-1.8988678786715536
1379,,2004-07-20,-1.771187524416294
1380,,2004-08-01,-1.7151334151842323
1381,,2004-08-10,-1.6340646601226894
1382,,2004-08-20,-1.5542838247741348
1383,,2004-09-01,-1.1563951220809614
1384,,2004-09-10,-0.619833752001744
1385,,2004-09-20,0.36717848199666925
1386,,2004-10-01,0.682272418762319
1387,,2004-10-10,0.9342038196581627
1388,,2004-10-20,0.8762637070799527
1389,,2004-11-01,0.967474569366924
1390,,2004-11-10,1.058002739648517
1391,,2004-11-20,0.9058836293796807
1392,,2004-12-01,0.6059527172590088
1393,,2004-12-10,0.4649332282175142
1394,,2004-12-20,0.2559812504328699
1395,,2005-01-10,-0.4682938579080697
1396,,2005-01-20,-0.7563769815715872
1397,,2005-02-01,-1.138547212199057
1398,,2005-02-10,-1.4633438538399128
1399,,2005-02-20,-1.7908703738863179
1400,,2005-03-01,-2.040232708916447
1401,,2005-03-10,-2.3046570162783624
1402,,2005-03-20,-2.5169162884457457
1403,,2005-04-01,-2.500534183293365
1404,,2005-04-10,-2.3982744183318356
1405,,2005-04-20,-2.181050506875506
1406,,2005-05-01,-2.1873549604876334
1407,,2005-05-10,-2.027294277434224
1408,,2005-05-20,-1.6597205638638186
1409,,2005-06-01,-1.2801075918676281
1410,,2005-06-20,-0.7839874594438011
1411,,2005-07-01,-0.4440850120694697
1412,,2005-07-10,-0.10616799427392817
1413,,2005-07-20,0.018750106816348953
1414,,2005-08-01,0.0017002477491710236
1415,,2005-08-10,-0.05016778150161754
1416,,2005-08-20,-0.17185922234365258
1417,,2005-09-01,-0.3266688327734123
1418,,2005-09-10,-0.5458770034341425
1419,,2005-09-20,-0.7234093430182076
1420,,2005-10-01,-0.819612203861191
1421,,2005-10-10,-0.7222096033730436
1422,,2005-10-20,-0.7064966717600534
1423,,2005-11-10,-0.4712453928564761
1424,,2005-11-20,-0.3035615553389047
1425,,2005-12-01,-0.18582530095420374
1426,,2005-12-10,-0.23734037367749725
1427,,2005-12-20,-0.3496555099937221
1428,,2006-01-10,0.24376414645646138
1429,,2006-01-20,0.8495283623788648
1430,,2006-02-01,1.223236575483888
1431,,2006-02-10,1.5416162327464076
1432,,2006-02-20,1.389455307735397
1433,,2006-03-01,1.308542618096415
1434,,2006-03-10,1.21832693515497
1435,,2006-03-20,1.2622591432854406
1436,,2006-04-01,1.2688596647233956
1437,,2006-04-10,1.4722696139385454
1438,,2006-04-20,1.7899617130393786
1439,,2006-05-01,1.9242580286171656
1440,,2006-05-10,1.7363819862035255
1441,,2006-05-20,1.3516374421718227
1442,,2006-06-01,1.0986405982069494
1443,,2006-06-20,0.7376881090320851
1444,,2006-07-01,0.5905068696229827
1445,,2006-07-10,0.39536936404415174
1446,,2006-07-20,0.09782831972379781
1447,,2006-08-01,-0.17750772435894502
1448,,2006-08-10,-0.4867381518998072
1449,,2006-08-20,-0.6847164876789567
1450,,2006-09-01,-0.8278882949886917
1451,,2006-09-10,-1.014931026998683
1452,,2006-09-20,-1.0729655152026392
1453,,2006-10-01,-1.0474209881233363
1454,,2006-10-10,-0.8640975131253128
1455,,2006-10-20,-0.7284065125201281
1456,,2006-11-10,-0.6081736336148793
1457,,2006-11-20,-0.4564783467396905
1458,,2006-12-01,-0.13119993807709757
1459,,2006-12-10,-0.10267753788562446
1460,,2006-12-20,-0.07203475182293119
1461,,2007-01-10,0.0652103675390795
1462,,2007-01-20,-0.06931928618935035
1463,,2007-02-01,-0.390128701682784
1464,,2007-02-10,-0.7781257027815511
1465,,2007-02-20,-1.011441981131349
1466,,2007-03-01,-0.8994367650365784
1467,,2007-03-10,-0.8676098007197558
1468,,2007-03-20,-0.9788875085539466
1469,,2007-04-01,-1.2190258893863501
1470,,2007-04-10,-1.3812252231759772
1471,,2007-04-20,-1.461784217339153
1472,,2007-05-01,-1.585027315543503
1473,,2007-05-10,-1.7140986516759564
1474,,2007-05-20,-1.9479133013324574
1475,,2007-06-01,-2.1434342981120125
1476,,2007-06-20,-2.3215469479313247
1477,,2007-07-01,-2.4513734024024094
1478,,2007-07-10,-2.7041649511631047
1479,,2007-07-20,-2.8965525299279853
1480,,2007-08-01,-3.0144245672979917
1481,,2007-08-10,-3.0874354181463817
1482,,2007-08-20,-3.1105132787649343
1483,,2007-09-01,-3.133177160570086
1484,,2007-09-10,-3.146795873697587
1485,,2007-09-20,-3.1643084221830575
1486,,2007-10-01,-2.991673733856149
1487,,2007-10-10,-2.728546351409221
1488,,2007-10-20,-2.163141368240437
1489,,2007-11-10,-1.8200811067623504
1490,,2007-11-20,-1.8875888238748673
1491,,2007-12-01,-1.8729801826727424
1492,,2007-12-10,-1.7953126291485606
1493,,2007-12-20,-1.7897981326917558
1494,,2008-01-10,-1.4004945292380646
1495,,2008-01-20,-1.0621428368978807
1496,,2008-02-01,-0.5427500434947586
1497,,2008-02-10,0.024944704288654928
1498,,2008-02-20,0.2929433926130907
1499,,2008-03-01,0.382170813312494
1500,,2008-03-10,0.19265741634925573
1501,,2008-03-20,0.19087061612752138
1502,,2008-04-01,0.2585443323185287
1503,,2008-04-10,0.3277466712494497
1504,,2008-04-20,0.2275685141036758
1505,,2008-05-01,0.05257904491576902
1506,,2008-05-10,-0.21003258328434712
1507,,2008-05-20,-0.4886990019771002
1508,,2008-06-01,-0.6351633614885882
1509,,2008-06-10,-0.5892873121700439
1510,,2008-06-20,-0.51169756330866
1511,,2008-07-01,-0.6190257742442338
1512,,2008-07-10,-0.8591627401768602
1513,,2008-07-20,-1.1103948585834493
1514,,2008-08-01,-1.2881868710562006
1515,,2008-08-10,-1.403464438180722
1516,,2008-08-20,-1.4678892411872473
1517,,2008-09-01,-1.4886126146776344
1518,,2008-09-10,-1.5554844673327433
1519,,2008-09-20,-1.5490565855372174
1520,,2008-10-01,-1.5768061973071505
1521,,2008-10-10,-1.5242893721377895
1522,,2008-10-20,-1.5399479339074653
1523,,2008-11-01,-1.6676010588202712
1524,,2008-11-10,-1.6603374247358724
1525,,2008-11-20,-1.6570678080889643
1526,,2008-12-01,-1.6821269656009643
1527,,2008-12-10,-1.8746229638829113
1528,,2008-12-20,-2.0398509093256507
1529,,2009-01-10,-1.3866865989047759
1530,,2009-01-20,-0.8955728282409215
1531,,2009-02-01,-0.7244032490346026
1532,,2009-02-10,-0.926651855070747
1533,,2009-02-20,-1.1576519652070862
1534,,2009-03-01,-1.3266547954132657
1535,,2009-03-10,-1.3669607712137373
1536,,2009-03-20,-1.1078281120288247
1537,,2009-04-01,-0.647206638358773
1538,,2009-04-10,-0.3109617005853722
1539,,2009-04-20,-0.15529530778229436
1540,,2009-05-01,-0.2542302800325639
1541,,2009-05-10,-0.04782301291050003
1542,,2009-05-20,0.11172840043273807
1543,,2009-06-01,0.0960110215991338
1544,,2009-06-20,0.18169100095990995
1545,,2009-07-01,0.4392083551112198
1546,,2009-07-10,0.5395709913463129
1547,,2009-07-20,0.5765657444468063
1548,,2009-08-01,0.5364065275721235
1549,,2009-08-10,0.71190536477892
1550,,2009-08-20,0.863418208953685
1551,,2009-09-01,1.1184258747778228
1552,,2009-09-10,0.9839599486233157
1553,,2009-09-20,0.7922528305252609
1554,,2009-10-01,0.4791935708332716
1555,,2009-10-10,0.32099336727159566
1556,,2009-10-20,0.4250449692979691
1557,,2009-11-10,0.509005119951708
1558,,2009-11-20,0.3018516539193046
1559,,2009-12-01,0.02751192384383522
1560,,2009-12-10,-0.3153333300754045
1561,,2009-12-20,-0.6485050568028781
1562,,2010-01-10,-1.2579457182863178
1563,,2010-01-20,-1.5168654078518697
1564,,2010-02-01,-1.6539857573628949
1565,,2010-02-10,-1.8137409203692274
1566,,2010-02-20,-2.0417055285267924
1567,,2010-03-01,-2.2594442799743226
1568,,2010-03-10,-2.4789680102576774
1569,,2010-03-20,-2.6458639688860877
1570,,2010-04-01,-2.713597444248881
1571,,2010-04-10,-2.7076990180081735
1572,,2010-04-20,-2.7421436525473655
1573,,2010-05-01,-2.7062763873804228
1574,,2010-05-10,-2.600719176515398
1575,,2010-05-20,-2.496072963383031
1576,,2010-06-01,-2.3375601995871635
1577,,2010-06-20,-1.2124628411938514
1578,,2010-07-01,-0.635005380733797
1579,,2010-07-10,-0.4759803554328257
1580,,2010-07-20,-0.3587201744852656
1581,,2010-08-01,-0.31116120283884446
1582,,2010-08-10,-0.3074368488943881
1583,,2010-08-20,-0.292615562859192
1584,,2010-09-01,-0.3125803821885705
1585,,2010-09-10,-0.2745926148444496
1586,,2010-09-20,-0.3169292142180897
1587,,2010-10-01,-0.4069981811502707
1588,,2010-10-10,-0.555195846613944
1589,,2010-10-20,-0.7402545471941469
1590,,2010-11-10,-0.6250458228571998
1591,,2010-11-20,-0.5862844909692301
1592,,2010-12-01,-0.6847690892231628
1593,,2010-12-10,-0.6552268143736734
1594,,2010-12-20,-0.4109573873307028
1595,,2011-01-10,-0.29282815983871224
1596,,2011-01-20,-0.18230731085763927
1597,,2011-02-01,-0.09288888939245678
1598,,2011-02-10,0.08454258252287228
1599,,2011-02-20,-0.10973908906756041
1600,,2011-03-01,-0.21069819863676797
1601,,2011-03-10,-0.16542575697021927
1602,,2011-03-20,0.21045661772389793
1603,,2011-04-01,0.628731950618728
1604,,2011-04-10,1.1024628406142996
1605,,2011-04-20,1.4830239097834381
1606,,2011-05-01,1.8101249547173226
1607,,2011-05-10,2.034434701131663
1608,,2011-05-20,2.0678351580198484
1609,,2011-06-01,2.1899566636665275
1610,,2011-06-20,2.527100876728261
1611,,2011-07-01,2.586338496307063
1612,,2011-07-10,2.5529800750999767
1613,,2011-07-20,2.561247329597422
1614,,2011-08-01,2.4759133309232184
1615,,2011-08-10,2.3909171963109057
1616,,2011-08-20,2.2036759129674395
1617,,2011-09-01,1.9834611471143055
1618,,2011-09-10,1.6588537505470233
1619,,2011-09-20,1.3999234970811762
1620,,2011-10-01,1.101953329999984
1621,,2011-10-10,1.2207590095679473
1622,,2011-10-20,1.426725536252441
1623,,2011-11-10,1.4465529282691392
1624,,2011-11-20,1.3009675509342895
1625,,2011-12-01,1.1628776472489077
1626,,2011-12-10,0.8497096173376938
1627,,2011-12-20,0.13385106834652497
1628,,2012-01-10,-0.6611000561382023
1629,,2012-01-20,-0.7043804699446209
1630,,2012-02-01,-0.6196688102193809
1631,,2012-02-10,-0.42953602124390494
1632,,2012-02-20,-0.5681855405868704
1633,,2012-03-01,-0.5591929190600566
1634,,2012-03-10,-0.5565510561640005
1635,,2012-03-20,0.1651956712246034
1636,,2012-04-01,0.8465330686487755
1637,,2012-04-10,1.3828549402131405
1638,,2012-04-20,1.395362716203408
1639,,2012-05-01,1.3586825798644768
1640,,2012-05-10,1.428052181673272
1641,,2012-05-20,1.301979204677269
1642,,2012-06-01,1.2142430372279542
1643,,2012-06-10,1.1899302187292506
1644,,2012-06-20,1.1967221830798007
1645,,2012-07-01,1.0277394954554973
1646,,2012-07-10,0.7826047840496727
1647,,2012-07-20,0.6530495760607943
1648,,2012-08-01,0.460038575664407
1649,,2012-08-10,0.21897207479133077
1650,,2012-08-20,-0.1777857288957156
1651,,2012-09-01,-0.5700491216583291
1652,,2012-09-10,-0.9661729319457492
1653,,2012-09-20,-1.3291415345817634
1654,,2012-10-01,-1.5874992089448077
1655,,2012-10-10,-1.8020475613625908
1656,,2012-10-20,-1.7799049199765469
1657,,2012-11-01,-1.555777560077764
1658,,2012-11-10,-1.3363849234383018
1659,,2012-11-20,-1.255808088643134
1660,,2012-12-01,-1.1894079281066354
1661,,2012-12-10,-0.5992035616275702
1662,,2012-12-20,0.15799945528214068
1663,,2013-01-10,0.3512706288130379
1664,,2013-01-20,0.1292167515076777
1665,,2013-02-01,0.010564826140292692
1666,,2013-02-10,-0.24625971593303236
1667,,2013-02-20,-0.566760083706401
1668,,2013-03-01,-0.8743061793469725
1669,,2013-03-10,-1.0417393783167994
1670,,2013-03-20,-0.9795779258627465
1671,,2013-04-01,-1.1084283430040796
1672,,2013-04-10,-1.1329010698377955
1673,,2013-04-20,-1.1231951752318359
1674,,2013-05-01,-1.094942516261453
1675,,2013-05-10,-1.2596951208831981
1676,,2013-05-20,-1.4654065415620185
1677,,2013-06-01,-1.6360672475971243
1678,,2013-06-20,-2.009424221912537
1679,,2013-07-01,-2.0789136342529497
1680,,2013-07-10,-2.094462484226802
1681,,2013-07-20,-2.1390526026993495
1682,,2013-08-01,-2.271620453699069
1683,,2013-08-10,-2.332741902438298
1684,,2013-08-20,-2.4211984407061333
1685,,2013-09-01,-2.434304105121056
1686,,2013-09-10,-2.413831673659913
1687,,2013-09-20,-2.32263527072355
1688,,2013-10-01,-1.7891373607312875
1689,,2013-10-10,-1.2488776617181483
1690,,2013-10-20,-0.6393125290207855
1691,,2013-11-10,-0.8258343981628334
1692,,2013-11-20,-0.7859307115917663
1693,,2013-12-01,-0.9295193874334339
1694,,2013-12-10,-1.0000315598378624
1695,,2013-12-20,-1.1227790660647043
1696,,2014-01-10,-1.461848588579766
1697,,2014-01-20,-1.5949334074676993
1698,,2014-02-01,-1.6858388858486422
1699,,2014-02-10,-1.588405204686527
1700,,2014-02-20,-1.3271409964457608
1701,,2014-03-01,-0.780537788138233
1702,,2014-03-10,0.18474282409205137
1703,,2014-03-20,0.6769793247956678
1704,,2014-04-01,1.1728680941785343
1705,,2014-04-10,1.1161922605917824
1706,,2014-04-20,0.9650520969082811
1707,,2014-05-01,0.9093693580466706
1708,,2014-05-10,0.8916796467566235
1709,,2014-05-20,0.908231214524631
1710,,2014-06-01,0.6241923425965122
1711,,2014-06-20,-0.39069898604892245
1712,,2014-07-01,-0.69669958229199
1713,,2014-07-10,-0.9187127089187208
1714,,2014-07-20,-1.2653203277729617
1715,,2014-08-01,-1.5552392562151358
1716,,2014-08-10,-1.6032079844390452
1717,,2014-08-20,-1.3658954405530277
1718,,2014-09-01,-0.9412505754389163
1719,,2014-09-10,-0.7196314936987511
1720,,2014-09-20,-0.7687070717481772
1721,,2014-10-01,-0.8018253803159903
1722,,2014-10-10,-0.7973103688625996
1723,,2014-10-20,-0.7693759001656832
1724,,2014-11-10,-0.6901003298184769
1725,,2014-11-20,-0.6324417052716433
1726,,2014-12-01,-0.4659598835290929
1727,,2014-12-10,-0.29538980043588836
1728,,2014-12-20,-0.0960930815582491
1729,,2015-01-10,0.21459876300502753
1730,,2015-01-20,0.48688897975232864
1731,,2015-02-01,0.331499806826311
1732,,2015-02-10,0.44462829058102066
1733,,2015-02-20,0.21429988356150945
1734,,2015-03-01,0.06253557361587328
1735,,2015-03-10,-0.5033519043855699
1736,,2015-03-20,-0.8869403906072826
1737,,2015-04-01,-1.2018119631048707
1738,,2015-04-10,-1.3974444350656787
1739,,2015-04-20,-1.5792915159948695
1740,,2015-05-01,-1.769040263812282
1741,,2015-05-10,-2.0824221123092266
1742,,2015-05-20,-2.160185283329161
1743,,2015-06-01,-2.2266442986435626
1744,,2015-06-20,-2.4720276392119023
1745,,2015-07-01,-2.7335784551153437
1746,,2015-07-10,-2.9977852846173096
1747,,2015-07-20,-3.0688401785998782
1748,,2015-08-01,-2.9784655913165454
1749,,2015-08-10,-2.771676000455733
1750,,2015-08-20,-2.6719820475439593
1751,,2015-09-01,-2.674164031447721
1752,,2015-09-10,-2.6872026129721225
1753,,2015-09-20,-2.530708811363317
1754,,2015-10-01,-2.410563996776815
1755,,2015-10-10,-2.3593693139197853
1756,,2015-10-20,-2.4618419627478225
1757,,2015-11-10,-2.395260966551957
1758,,2015-11-20,-2.2801952702582633
1759,,2015-12-01,-2.3007743745857296
1760,,2015-12-10,-2.2753472247496327
1761,,2015-12-20,-1.984398724100869
1762,,2016-01-10,-1.4852535059875434
1763,,2016-01-20,-1.4838986250825037
1764,,2016-02-01,-1.4915441980714068
1765,,2016-02-10,-1.4416878008614555
1766,,2016-02-20,-1.472550406947045
1767,,2016-03-01,-1.5509031289279058
1768,,2016-03-10,-1.5547576624747688
1769,,2016-03-20,-1.350341842089489
1770,,2016-04-01,-1.1002642360692454
1771,,2016-04-10,-1.0340233016191307
1772,,2016-04-20,-1.1751267364773303
1773,,2016-05-01,-1.3220324837240975
1774,,2016-05-10,-1.4277684188544004
1775,,2016-05-20,-1.5109675120179935
1776,,2016-06-01,-1.5888634269886157
1777,,2016-06-10,-1.7391828472836777
1778,,2016-06-20,-1.8730959223600232
1779,,2016-07-01,-2.0819209107605605
1780,,2016-07-10,-2.181481698028409
1781,,2016-07-20,-2.198603987839642
1782,,2016-08-01,-2.2040210116695773
1783,,2016-08-10,-2.1542338791705515
1784,,2016-08-20,-2.2560517175988957
1785,,2016-09-01,-2.3575403259383387
1786,,2016-09-10,-2.438708982075813
1787,,2016-09-20,-2.4433168306966464
1788,,2016-10-01,-2.320772309204672
1789,,2016-10-10,-2.1624540773145444
1790,,2016-10-20,-1.7385743524790733
1791,,2016-11-01,-1.1937147718330339
1792,,2016-11-10,-0.8361636146263808
1793,,2016-11-20,-0.8940437258595382
1794,,2016-12-01,-1.0879958931361098
1795,,2016-12-10,-1.129143461122205
1796,,2016-12-20,-1.0783899957091063
1797,,2017-01-10,-0.7415786655299632
1798,,2017-01-20,-0.5550393509436641
1799,,2017-02-01,-0.38640332192687615
1800,,2017-02-10,0.2784815094419798
1801,,2017-02-20,0.8289838956586373
1802,,2017-03-01,1.4678694624756383
1803,,2017-03-10,1.7990557518533785
1804,,2017-03-20,2.2035484111158428
1805,,2017-04-01,2.6501460930853655
1806,,2017-04-10,2.726956752371919
1807,,2017-04-20,2.8250338436126516
1808,,2017-06-01,2.797865361492088
1809,,2017-06-20,2.4610490998635823
1810,,2017-07-01,2.342408387836497
1811,,2017-07-10,2.2160678761914028
1812,,2017-07-20,1.876115212522964
1813,,2017-08-01,1.5034062088949924
1814,,2017-08-10,1.2025437711088107
1815,,2017-08-20,0.9610685999749686
1816,,2017-09-01,0.6985704682812666
1817,,2017-09-10,0.38503016395806733
1818,,2017-09-20,0.4373907151192957
1819,,2017-10-01,0.6068908315163112
1820,,2017-10-10,0.9036693199597566
1821,,2017-10-20,0.9957944840802685
1822,,2017-11-10,1.1215099557180106
1823,,2017-11-20,1.222064565522603
1824,,2017-12-01,1.2975027354077813
1825,,2017-12-10,1.2336967719153917
1826,,2017-12-20,1.0889378077622571
1827,,2018-01-10,1.0108741895360553
1828,,2018-01-20,0.9916377032688393
1829,,2018-02-01,0.9304984284894483
1830,,2018-02-10,1.0681298003504707
1831,,2018-02-20,0.9976871359831245
1832,,2018-03-01,1.0020035982337088
1833,,2018-03-10,1.0631565861150234
1834,,2018-03-20,1.2248194676907616
1835,,2018-04-01,1.2659691420858208
1836,,2018-04-10,1.3959640692663065
1837,,2018-04-20,1.5374054272095423
1838,,2018-05-01,1.5822577622272747
1839,,2018-05-10,1.3883703621595822
1840,,2018-05-20,1.2370147506282794
1841,,2018-06-01,1.2307602154724782
1842,,2018-06-20,1.1259933930302137
1843,,2018-07-01,1.064602187229804
1844,,2018-07-10,0.9525263532674364
1845,,2018-07-20,0.6592030798701675
1846,,2018-08-01,0.31365064510028684
1847,,2018-08-10,-0.038974228005830044
1848,,2018-08-20,-0.34435034397216113
1849,,2018-09-01,-0.4896509615559527
1850,,2018-09-10,-0.6581719948564247
1851,,2018-09-20,-0.8531001522047049
1852,,2018-10-01,-1.1526948906484278
1853,,2018-10-10,-1.1117582808824091
1854,,2018-10-20,-1.0888470718579881
1855,,2018-11-10,-0.946246114574154
1856,,2018-11-20,-0.9267247414427496
1857,,2018-12-01,-0.9386540334558391
1858,,2018-12-10,-1.1817167050655448
1859,,2018-12-20,-1.2938247657631246
1860,,2019-01-10,-1.5811356625761837
1861,,2019-01-20,-1.6843830176317167
1862,,2019-02-01,-1.822210642012779
1863,,2019-02-10,-1.7417527024116306
1864,,2019-02-20,-1.5906690132013779
1865,,2019-03-01,-0.9212073959961488
1866,,2019-03-10,-0.13065222760468426
1867,,2019-03-20,0.45572236209002653
1868,,2019-04-01,0.276912262880946
1869,,2019-04-10,0.5228231303326781
1870,,2019-04-20,1.0696696207286467
1871,,2019-05-01,1.4245328496908647
1872,,2019-05-10,1.2025421265103906
1873,,2019-05-20,1.032670458087214
1874,,2019-06-01,0.9663838388566368
1875,,2019-06-20,0.6228108037082807
1876,,2019-07-01,0.36046479184057467
1877,,2019-07-10,0.06619820005477847
1878,,2019-07-20,-0.19796192260633058
1879,,2019-08-01,-0.4411632710103555
1880,,2019-08-10,-0.5330605609990652
1881,,2019-08-20,-0.6007195738447728
1882,,2019-09-01,-0.6742048283611861
1883,,2019-09-10,-0.6982604797804947
1884,,2019-09-20,-0.6474411281251644
1885,,2019-10-01,-0.4978723420733731
1886,,2019-10-10,-0.35436239128399233
1887,,2019-10-20,-0.12875072050761605
1888,,2019-11-10,-0.19706170799200015
1889,,2019-11-20,-0.5679234810196195
1890,,2019-12-01,-0.9238021596074746
1891,,2019-12-10,-1.2426527320296752
1892,,2019-12-20,-1.463707198874007
1893,,2020-01-10,-1.8454290342357036
1894,,2020-01-20,-1.9132200588276802
1895,,2020-02-01,-1.7713312225539983
1896,,2020-02-10,-1.3602410534499911
1897,,2020-02-20,-1.0586110681732568
1898,,2020-03-01,-0.8965128578883853
1899,,2020-03-10,-1.093939060013305
1900,,2020-03-20,-1.2413477220618632
1901,,2020-04-01,-1.3173695785640316
1902,,2020-04-10,-1.3654089250261683
1903,,2020-04-20,-1.424198883271721
1904,,2020-05-01,-1.5133679316646984
1905,,2020-05-10,-1.632519310253743
1906,,2020-05-20,-1.5022488922294595
1907,,2020-06-01,-1.4082713717579716
1908,,2020-06-10,-1.2373233258931065
1909,,2020-06-20,-0.9900490388820514
